movie_idx,movie_year,movie_rating,Action,Adventure,Animation,Children,Comedy,Crime,Documentary,Drama,Fantasy,Film-Noir,Horror,IMAX,Musical,Mystery,Romance,Sci-Fi,Thriller,War,Western
0,2014,0.5,-0.3515615246553259,-0.3047887380849036,-0.14285714285714302,-0.142857142857143,-0.6004533434723087,-0.3692744729379986,-0.3047887380849036,0.970436794858652,-0.21707238158772663,-0.12340351046845915,-0.34251778896020846,-0.10050378152592128,-0.1758631145281651,-0.26366402215232204,-0.47643873166512785,-0.26366402215232204,-0.4282895663715392,-0.12340351046845914,-0.1601281538050872
1,1962,3.921239561324077,-0.3515615246553259,-0.3047887380849036,-0.14285714285714302,-0.142857142857143,-0.6004533434723087,-0.3692744729379986,-0.3047887380849036,0.970436794858652,-0.21707238158772663,-0.12340351046845915,-0.34251778896020846,-0.10050378152592128,-0.1758631145281651,-0.26366402215232204,-0.47643873166512785,-0.26366402215232204,-0.4282895663715392,-0.12340351046845914,-0.1601281538050872
2,1984,3.2119768016904193,-0.3515615246553259,-0.3047887380849036,-0.14285714285714302,-0.142857142857143,1.6654083300081013,-0.3692744729379986,-0.3047887380849036,-1.0304638130973316,-0.21707238158772663,-0.12340351046845915,-0.34251778896020846,-0.10050378152592128,-0.1758631145281651,-0.26366402215232204,-0.47643873166512785,-0.26366402215232204,-0.4282895663715392,-0.12340351046845914,-0.1601281538050872
3,2012,3.1510404397330194,2.8444523358476372,3.280961121737491,7.000000000000007,-0.142857142857143,-0.6004533434723087,-0.3692744729379986,-0.3047887380849036,-1.0304638130973316,4.606758320361754,-0.12340351046845915,2.919556391613206,-0.10050378152592128,-0.1758631145281651,-0.26366402215232204,-0.47643873166512785,-0.26366402215232204,-0.4282895663715392,-0.12340351046845914,-0.1601281538050872
4,1997,2.8613933236574747,-0.3515615246553259,-0.3047887380849036,-0.14285714285714302,-0.142857142857143,-0.6004533434723087,-0.3692744729379986,3.280961121737491,-1.0304638130973316,-0.21707238158772663,-0.12340351046845915,-0.34251778896020846,9.949874371066207,-0.1758631145281651,-0.26366402215232204,-0.47643873166512785,-0.26366402215232204,-0.4282895663715392,-0.12340351046845914,-0.1601281538050872
5,1933,3.064591727653976,-0.3515615246553259,-0.3047887380849036,-0.14285714285714302,-0.142857142857143,-0.6004533434723087,2.708012801545323,-0.3047887380849036,-1.0304638130973316,-0.21707238158772663,-0.12340351046845915,2.919556391613206,-0.10050378152592128,-0.1758631145281651,3.792705549421863,-0.47643873166512785,-0.26366402215232204,2.3348689263480686,-0.12340351046845914,-0.1601281538050872
6,2009,3.8349303318130468,2.8444523358476372,3.280961121737491,-0.14285714285714302,-0.142857142857143,-0.6004533434723087,-0.3692744729379986,-0.3047887380849036,-1.0304638130973316,4.606758320361754,-0.12340351046845915,-0.34251778896020846,-0.10050378152592128,-0.1758631145281651,-0.26366402215232204,-0.47643873166512785,3.792705549421863,-0.4282895663715392,-0.12340351046845914,-0.1601281538050872
7,1940,3.3664840675873777,-0.3515615246553259,-0.3047887380849036,-0.14285714285714302,-0.142857142857143,-0.6004533434723087,-0.3692744729379986,-0.3047887380849036,0.970436794858652,-0.21707238158772663,-0.12340351046845915,-0.34251778896020846,-0.10050378152592128,-0.1758631145281651,3.792705549421863,2.0989057638220494,-0.26366402215232204,2.3348689263480686,-0.12340351046845914,-0.1601281538050872
8,1949,3.142049469964664,-0.3515615246553259,-0.3047887380849036,-0.14285714285714302,-0.142857142857143,-0.6004533434723087,-0.3692744729379986,-0.3047887380849036,0.970436794858652,-0.21707238158772663,-0.12340351046845915,-0.34251778896020846,-0.10050378152592128,-0.1758631145281651,-0.26366402215232204,-0.47643873166512785,-0.26366402215232204,-0.4282895663715392,-0.12340351046845914,-0.1601281538050872
9,2013,3.0049242424242424,-0.3515615246553259,-0.3047887380849036,-0.14285714285714302,-0.142857142857143,-0.6004533434723087,-0.3692744729379986,3.280961121737491,-1.0304638130973316,-0.21707238158772663,-0.12340351046845915,-0.34251778896020846,-0.10050378152592128,-0.1758631145281651,-0.26366402215232204,-0.47643873166512785,-0.26366402215232204,-0.4282895663715392,-0.12340351046845914,-0.1601281538050872
10,1971,3.430029305292191,-0.3515615246553259,-0.3047887380849036,-0.14285714285714302,-0.142857142857143,1.6654083300081013,2.708012801545323,-0.3047887380849036,0.970436794858652,-0.21707238158772663,-0.12340351046845915,-0.34251778896020846,-0.10050378152592128,-0.1758631145281651,-0.26366402215232204,-0.47643873166512785,-0.26366402215232204,-0.4282895663715392,-0.12340351046845914,6.2449979983984
11,2011,3.667712806959586,-0.3515615246553259,-0.3047887380849036,-0.14285714285714302,-0.142857142857143,-0.6004533434723087,-0.3692744729379986,3.280961121737491,-1.0304638130973316,-0.21707238158772663,-0.12340351046845915,-0.34251778896020846,-0.10050378152592128,-0.1758631145281651,-0.26366402215232204,-0.47643873166512785,-0.26366402215232204,-0.4282895663715392,-0.12340351046845914,-0.1601281538050872
12,1966,2.6197659297789335,-0.3515615246553259,-0.3047887380849036,-0.14285714285714302,-0.142857142857143,-0.6004533434723087,-0.3692744729379986,-0.3047887380849036,-1.0304638130973316,-0.21707238158772663,-0.12340351046845915,-0.34251778896020846,-0.10050378152592128,-0.1758631145281651,-0.26366402215232204,-0.47643873166512785,-0.26366402215232204,-0.4282895663715392,-0.12340351046845914,6.2449979983984
13,1992,3.272416153319644,-0.3515615246553259,-0.3047887380849036,-0.14285714285714302,-0.142857142857143,-0.6004533434723087,-0.3692744729379986,-0.3047887380849036,-1.0304638130973316,-0.21707238158772663,-0.12340351046845915,-0.34251778896020846,-0.10050378152592128,-0.1758631145281651,-0.26366402215232204,2.0989057638220494,-0.26366402215232204,-0.4282895663715392,-0.12340351046845914,-0.1601281538050872
14,1993,3.432082364662903,2.8444523358476372,-0.3047887380849036,-0.14285714285714302,-0.142857142857143,-0.6004533434723087,-0.3692744729379986,-0.3047887380849036,-1.0304638130973316,-0.21707238158772663,-0.12340351046845915,-0.34251778896020846,-0.10050378152592128,-0.1758631145281651,-0.26366402215232204,-0.47643873166512785,-0.26366402215232204,-0.4282895663715392,-0.12340351046845914,-0.1601281538050872
15,1950,2.7219931271477664,-0.3515615246553259,-0.3047887380849036,-0.14285714285714302,-0.142857142857143,1.6654083300081013,-0.3692744729379986,-0.3047887380849036,-1.0304638130973316,-0.21707238158772663,-0.12340351046845915,-0.34251778896020846,-0.10050378152592128,5.686240703077339,-0.26366402215232204,2.0989057638220494,-0.26366402215232204,-0.4282895663715392,-0.12340351046845914,-0.1601281538050872
16,2011,3.7874554444061173,-0.3515615246553259,-0.3047887380849036,-0.14285714285714302,-0.142857142857143,-0.6004533434723087,-0.3692744729379986,-0.3047887380849036,0.970436794858652,-0.21707238158772663,-0.12340351046845915,-0.34251778896020846,-0.10050378152592128,-0.1758631145281651,-0.26366402215232204,-0.47643873166512785,-0.26366402215232204,-0.4282895663715392,-0.12340351046845914,-0.1601281538050872
17,2008,3.9685730875308463,-0.3515615246553259,-0.3047887380849036,-0.14285714285714302,-0.142857142857143,-0.6004533434723087,-0.3692744729379986,3.280961121737491,-1.0304638130973316,-0.21707238158772663,-0.12340351046845915,-0.34251778896020846,-0.10050378152592128,-0.1758631145281651,-0.26366402215232204,-0.47643873166512785,-0.26366402215232204,-0.4282895663715392,-0.12340351046845914,-0.1601281538050872
18,1980,3.3736305977320775,-0.3515615246553259,-0.3047887380849036,-0.14285714285714302,-0.142857142857143,-0.6004533434723087,-0.3692744729379986,-0.3047887380849036,-1.0304638130973316,-0.21707238158772663,-0.12340351046845915,2.919556391613206,-0.10050378152592128,-0.1758631145281651,-0.26366402215232204,-0.47643873166512785,-0.26366402215232204,-0.4282895663715392,-0.12340351046845914,-0.1601281538050872
19,2009,2.6074123603018435,-0.3515615246553259,-0.3047887380849036,-0.14285714285714302,-0.142857142857143,-0.6004533434723087,-0.3692744729379986,-0.3047887380849036,-1.0304638130973316,-0.21707238158772663,-0.12340351046845915,2.919556391613206,-0.10050378152592128,-0.1758631145281651,-0.26366402215232204,-0.47643873166512785,3.792705549421863,2.3348689263480686,-0.12340351046845914,-0.1601281538050872
20,1963,2.8807541625857005,-0.3515615246553259,-0.3047887380849036,-0.14285714285714302,-0.142857142857143,-0.6004533434723087,-0.3692744729379986,-0.3047887380849036,0.970436794858652,-0.21707238158772663,-0.12340351046845915,-0.34251778896020846,-0.10050378152592128,-0.1758631145281651,-0.26366402215232204,-0.47643873166512785,-0.26366402215232204,-0.4282895663715392,8.103497187428816,-0.1601281538050872
21,1990,3.581688505556477,-0.3515615246553259,-0.3047887380849036,-0.14285714285714302,-0.142857142857143,-0.6004533434723087,-0.3692744729379986,-0.3047887380849036,0.970436794858652,-0.21707238158772663,-0.12340351046845915,-0.34251778896020846,-0.10050378152592128,-0.1758631145281651,-0.26366402215232204,-0.47643873166512785,-0.26366402215232204,-0.4282895663715392,-0.12340351046845914,-0.1601281538050872
22,2011,3.319399677679291,-0.3515615246553259,-0.3047887380849036,-0.14285714285714302,-0.142857142857143,1.6654083300081013,-0.3692744729379986,-0.3047887380849036,-1.0304638130973316,-0.21707238158772663,-0.12340351046845915,-0.34251778896020846,-0.10050378152592128,-0.1758631145281651,-0.26366402215232204,2.0989057638220494,-0.26366402215232204,-0.4282895663715392,-0.12340351046845914,-0.1601281538050872
23,1997,3.1482352941176472,-0.3515615246553259,-0.3047887380849036,-0.14285714285714302,-0.142857142857143,1.6654083300081013,-0.3692744729379986,-0.3047887380849036,-1.0304638130973316,-0.21707238158772663,-0.12340351046845915,-0.34251778896020846,-0.10050378152592128,-0.1758631145281651,-0.26366402215232204,-0.47643873166512785,-0.26366402215232204,-0.4282895663715392,-0.12340351046845914,-0.1601281538050872
24,1982,3.199849454271735,-0.3515615246553259,-0.3047887380849036,-0.14285714285714302,-0.142857142857143,-0.6004533434723087,-0.3692744729379986,-0.3047887380849036,0.970436794858652,-0.21707238158772663,-0.12340351046845915,-0.34251778896020846,-0.10050378152592128,-0.1758631145281651,-0.26366402215232204,-0.47643873166512785,-0.26366402215232204,-0.4282895663715392,-0.12340351046845914,-0.1601281538050872
25,2004,3.689509581032803,-0.3515615246553259,-0.3047887380849036,-0.14285714285714302,-0.142857142857143,-0.6004533434723087,-0.3692744729379986,3.280961121737491,-1.0304638130973316,-0.21707238158772663,-0.12340351046845915,-0.34251778896020846,-0.10050378152592128,-0.1758631145281651,-0.26366402215232204,-0.47643873166512785,-0.26366402215232204,-0.4282895663715392,-0.12340351046845914,-0.1601281538050872
26,1921,3.628856624319419,-0.3515615246553259,-0.3047887380849036,-0.14285714285714302,-0.142857142857143,-0.6004533434723087,-0.3692744729379986,-0.3047887380849036,0.970436794858652,-0.21707238158772663,-0.12340351046845915,-0.34251778896020846,-0.10050378152592128,-0.1758631145281651,-0.26366402215232204,-0.47643873166512785,-0.26366402215232204,-0.4282895663715392,-0.12340351046845914,-0.1601281538050872
27,1969,3.413520097442144,-0.3515615246553259,-0.3047887380849036,-0.14285714285714302,-0.142857142857143,-0.6004533434723087,-0.3692744729379986,-0.3047887380849036,0.970436794858652,-0.21707238158772663,-0.12340351046845915,-0.34251778896020846,-0.10050378152592128,-0.1758631145281651,-0.26366402215232204,-0.47643873166512785,-0.26366402215232204,-0.4282895663715392,-0.12340351046845914,-0.1601281538050872
28,1999,4.057545973367152,-0.3515615246553259,-0.3047887380849036,-0.14285714285714302,-0.142857142857143,1.6654083300081013,-0.3692744729379986,-0.3047887380849036,-1.0304638130973316,-0.21707238158772663,-0.12340351046845915,-0.34251778896020846,-0.10050378152592128,-0.1758631145281651,-0.26366402215232204,2.0989057638220494,-0.26366402215232204,-0.4282895663715392,-0.12340351046845914,-0.1601281538050872
29,1977,3.952230046948357,-0.3515615246553259,3.280961121737491,-0.14285714285714302,7.000000000000006,1.6654083300081013,-0.3692744729379986,-0.3047887380849036,0.970436794858652,-0.21707238158772663,-0.12340351046845915,-0.34251778896020846,-0.10050378152592128,-0.1758631145281651,-0.26366402215232204,-0.47643873166512785,-0.26366402215232204,-0.4282895663715392,-0.12340351046845914,-0.1601281538050872
30,2012,3.633879781420765,-0.3515615246553259,-0.3047887380849036,-0.14285714285714302,-0.142857142857143,1.6654083300081013,-0.3692744729379986,-0.3047887380849036,-1.0304638130973316,-0.21707238158772663,-0.12340351046845915,-0.34251778896020846,-0.10050378152592128,-0.1758631145281651,-0.26366402215232204,-0.47643873166512785,-0.26366402215232204,-0.4282895663715392,-0.12340351046845914,-0.1601281538050872
31,2001,3.250344462109168,-0.3515615246553259,-0.3047887380849036,-0.14285714285714302,-0.142857142857143,-0.6004533434723087,-0.3692744729379986,-0.3047887380849036,0.970436794858652,-0.21707238158772663,-0.12340351046845915,-0.34251778896020846,-0.10050378152592128,-0.1758631145281651,-0.26366402215232204,-0.47643873166512785,-0.26366402215232204,-0.4282895663715392,-0.12340351046845914,-0.1601281538050872
32,1985,3.8980546909737663,-0.3515615246553259,3.280961121737491,-0.14285714285714302,-0.142857142857143,-0.6004533434723087,-0.3692744729379986,-0.3047887380849036,0.970436794858652,-0.21707238158772663,-0.12340351046845915,-0.34251778896020846,-0.10050378152592128,-0.1758631145281651,-0.26366402215232204,-0.47643873166512785,3.792705549421863,-0.4282895663715392,-0.12340351046845914,-0.1601281538050872
33,1980,3.0076923076923077,-0.3515615246553259,-0.3047887380849036,-0.14285714285714302,-0.142857142857143,-0.6004533434723087,-0.3692744729379986,-0.3047887380849036,0.970436794858652,-0.21707238158772663,-0.12340351046845915,-0.34251778896020846,-0.10050378152592128,-0.1758631145281651,3.792705549421863,-0.47643873166512785,3.792705549421863,-0.4282895663715392,-0.12340351046845914,-0.1601281538050872
34,1993,3.6430940939389242,-0.3515615246553259,-0.3047887380849036,-0.14285714285714302,-0.142857142857143,-0.6004533434723087,-0.3692744729379986,-0.3047887380849036,0.970436794858652,-0.21707238158772663,-0.12340351046845915,-0.34251778896020846,-0.10050378152592128,5.686240703077339,-0.26366402215232204,-0.47643873166512785,-0.26366402215232204,-0.4282895663715392,-0.12340351046845914,-0.1601281538050872
35,1999,3.5016744809109177,-0.3515615246553259,-0.3047887380849036,-0.14285714285714302,-0.142857142857143,-0.6004533434723087,-0.3692744729379986,-0.3047887380849036,0.970436794858652,-0.21707238158772663,-0.12340351046845915,-0.34251778896020846,-0.10050378152592128,-0.1758631145281651,-0.26366402215232204,-0.47643873166512785,-0.26366402215232204,-0.4282895663715392,-0.12340351046845914,-0.1601281538050872
36,2002,3.9427170935652844,-0.3515615246553259,-0.3047887380849036,-0.14285714285714302,-0.142857142857143,-0.6004533434723087,-0.3692744729379986,3.280961121737491,-1.0304638130973316,-0.21707238158772663,-0.12340351046845915,-0.34251778896020846,-0.10050378152592128,-0.1758631145281651,-0.26366402215232204,-0.47643873166512785,-0.26366402215232204,-0.4282895663715392,-0.12340351046845914,-0.1601281538050872
37,2001,3.0176470588235293,-0.3515615246553259,-0.3047887380849036,-0.14285714285714302,-0.142857142857143,1.6654083300081013,-0.3692744729379986,-0.3047887380849036,-1.0304638130973316,-0.21707238158772663,-0.12340351046845915,-0.34251778896020846,-0.10050378152592128,-0.1758631145281651,-0.26366402215232204,2.0989057638220494,-0.26366402215232204,-0.4282895663715392,-0.12340351046845914,-0.1601281538050872
38,1971,2.857789855072464,-0.3515615246553259,-0.3047887380849036,-0.14285714285714302,-0.142857142857143,-0.6004533434723087,-0.3692744729379986,-0.3047887380849036,0.970436794858652,-0.21707238158772663,-0.12340351046845915,-0.34251778896020846,-0.10050378152592128,-0.1758631145281651,-0.26366402215232204,-0.47643873166512785,-0.26366402215232204,-0.4282895663715392,-0.12340351046845914,-0.1601281538050872
39,2005,3.413632208425383,-0.3515615246553259,-0.3047887380849036,-0.14285714285714302,-0.142857142857143,1.6654083300081013,-0.3692744729379986,-0.3047887380849036,0.970436794858652,-0.21707238158772663,-0.12340351046845915,-0.34251778896020846,-0.10050378152592128,-0.1758631145281651,-0.26366402215232204,2.0989057638220494,-0.26366402215232204,-0.4282895663715392,-0.12340351046845914,-0.1601281538050872
40,1987,3.646726862302483,2.8444523358476372,-0.3047887380849036,-0.14285714285714302,-0.142857142857143,1.6654083300081013,2.708012801545323,-0.3047887380849036,0.970436794858652,-0.21707238158772663,-0.12340351046845915,-0.34251778896020846,-0.10050378152592128,-0.1758631145281651,-0.26366402215232204,-0.47643873166512785,-0.26366402215232204,-0.4282895663715392,-0.12340351046845914,-0.1601281538050872
41,1999,3.8521006611217743,-0.3515615246553259,-0.3047887380849036,-0.14285714285714302,-0.142857142857143,-0.6004533434723087,2.708012801545323,-0.3047887380849036,-1.0304638130973316,-0.21707238158772663,-0.12340351046845915,-0.34251778896020846,-0.10050378152592128,-0.1758631145281651,-0.26366402215232204,-0.47643873166512785,-0.26366402215232204,2.3348689263480686,-0.12340351046845914,-0.1601281538050872
42,1997,3.0551276854479124,-0.3515615246553259,-0.3047887380849036,-0.14285714285714302,-0.142857142857143,-0.6004533434723087,-0.3692744729379986,3.280961121737491,-1.0304638130973316,-0.21707238158772663,-0.12340351046845915,-0.34251778896020846,-0.10050378152592128,-0.1758631145281651,-0.26366402215232204,-0.47643873166512785,-0.26366402215232204,-0.4282895663715392,-0.12340351046845914,-0.1601281538050872
43,2012,3.4684561128526648,-0.3515615246553259,-0.3047887380849036,-0.14285714285714302,-0.142857142857143,1.6654083300081013,-0.3692744729379986,-0.3047887380849036,0.970436794858652,-0.21707238158772663,-0.12340351046845915,-0.34251778896020846,-0.10050378152592128,-0.1758631145281651,-0.26366402215232204,-0.47643873166512785,-0.26366402215232204,-0.4282895663715392,-0.12340351046845914,-0.1601281538050872
44,1948,2.653874918201365,-0.3515615246553259,-0.3047887380849036,-0.14285714285714302,-0.142857142857143,-0.6004533434723087,-0.3692744729379986,-0.3047887380849036,0.970436794858652,-0.21707238158772663,-0.12340351046845915,-0.34251778896020846,-0.10050378152592128,-0.1758631145281651,-0.26366402215232204,2.0989057638220494,-0.26366402215232204,-0.4282895663715392,-0.12340351046845914,-0.1601281538050872
45,1999,3.3843613567670436,-0.3515615246553259,-0.3047887380849036,-0.14285714285714302,-0.142857142857143,1.6654083300081013,2.708012801545323,-0.3047887380849036,-1.0304638130973316,-0.21707238158772663,-0.12340351046845915,-0.34251778896020846,-0.10050378152592128,-0.1758631145281651,-0.26366402215232204,-0.47643873166512785,-0.26366402215232204,2.3348689263480686,-0.12340351046845914,-0.1601281538050872
46,1998,3.2748829953198126,-0.3515615246553259,-0.3047887380849036,-0.14285714285714302,-0.142857142857143,-0.6004533434723087,-0.3692744729379986,-0.3047887380849036,0.970436794858652,-0.21707238158772663,-0.12340351046845915,-0.34251778896020846,-0.10050378152592128,-0.1758631145281651,-0.26366402215232204,2.0989057638220494,-0.26366402215232204,-0.4282895663715392,-0.12340351046845914,-0.1601281538050872
47,1926,4.053492566302111,-0.3515615246553259,-0.3047887380849036,-0.14285714285714302,-0.142857142857143,1.6654083300081013,-0.3692744729379986,-0.3047887380849036,0.970436794858652,-0.21707238158772663,-0.12340351046845915,-0.34251778896020846,-0.10050378152592128,-0.1758631145281651,-0.26366402215232204,-0.47643873166512785,-0.26366402215232204,-0.4282895663715392,-0.12340351046845914,-0.1601281538050872
48,1968,2.9461137513414073,-0.3515615246553259,-0.3047887380849036,-0.14285714285714302,-0.142857142857143,-0.6004533434723087,2.708012801545323,-0.3047887380849036,0.970436794858652,-0.21707238158772663,-0.12340351046845915,-0.34251778896020846,-0.10050378152592128,-0.1758631145281651,-0.26366402215232204,2.0989057638220494,-0.26366402215232204,2.3348689263480686,-0.12340351046845914,-0.1601281538050872
49,1975,3.5847457627118646,-0.3515615246553259,-0.3047887380849036,-0.14285714285714302,-0.142857142857143,-0.6004533434723087,-0.3692744729379986,-0.3047887380849036,-1.0304638130973316,-0.21707238158772663,-0.12340351046845915,2.919556391613206,-0.10050378152592128,-0.1758631145281651,-0.26366402215232204,-0.47643873166512785,-0.26366402215232204,2.3348689263480686,-0.12340351046845914,-0.1601281538050872
50,2014,4.334372207803259,-0.3515615246553259,-0.3047887380849036,-0.14285714285714302,-0.142857142857143,-0.6004533434723087,-0.3692744729379986,-0.3047887380849036,-1.0304638130973316,-0.21707238158772663,-0.12340351046845915,-0.34251778896020846,-0.10050378152592128,-0.1758631145281651,-0.26366402215232204,-0.47643873166512785,-0.26366402215232204,-0.4282895663715392,-0.12340351046845914,-0.1601281538050872
51,2011,2.5555555555555554,-0.3515615246553259,-0.3047887380849036,-0.14285714285714302,-0.142857142857143,-0.6004533434723087,-0.3692744729379986,-0.3047887380849036,0.970436794858652,-0.21707238158772663,-0.12340351046845915,-0.34251778896020846,-0.10050378152592128,-0.1758631145281651,-0.26366402215232204,-0.47643873166512785,-0.26366402215232204,-0.4282895663715392,-0.12340351046845914,-0.1601281538050872
52,2009,3.541148068669528,-0.3515615246553259,-0.3047887380849036,-0.14285714285714302,-0.142857142857143,1.6654083300081013,-0.3692744729379986,-0.3047887380849036,-1.0304638130973316,-0.21707238158772663,-0.12340351046845915,-0.34251778896020846,-0.10050378152592128,-0.1758631145281651,-0.26366402215232204,-0.47643873166512785,-0.26366402215232204,-0.4282895663715392,-0.12340351046845914,-0.1601281538050872
53,1971,3.6966666666666668,-0.3515615246553259,-0.3047887380849036,-0.14285714285714302,-0.142857142857143,1.6654083300081013,-0.3692744729379986,-0.3047887380849036,-1.0304638130973316,-0.21707238158772663,-0.12340351046845915,-0.34251778896020846,-0.10050378152592128,-0.1758631145281651,-0.26366402215232204,-0.47643873166512785,-0.26366402215232204,-0.4282895663715392,-0.12340351046845914,-0.1601281538050872
54,1979,2.8546025104602513,-0.3515615246553259,-0.3047887380849036,-0.14285714285714302,-0.142857142857143,1.6654083300081013,-0.3692744729379986,-0.3047887380849036,-1.0304638130973316,-0.21707238158772663,-0.12340351046845915,-0.34251778896020846,-0.10050378152592128,-0.1758631145281651,-0.26366402215232204,-0.47643873166512785,-0.26366402215232204,-0.4282895663715392,-0.12340351046845914,-0.1601281538050872
55,2008,3.241214057507987,-0.3515615246553259,-0.3047887380849036,-0.14285714285714302,-0.142857142857143,1.6654083300081013,2.708012801545323,-0.3047887380849036,-1.0304638130973316,-0.21707238158772663,-0.12340351046845915,2.919556391613206,-0.10050378152592128,-0.1758631145281651,-0.26366402215232204,-0.47643873166512785,-0.26366402215232204,2.3348689263480686,-0.12340351046845914,-0.1601281538050872
56,1995,1.8714285714285714,-0.3515615246553259,-0.3047887380849036,-0.14285714285714302,-0.142857142857143,-0.6004533434723087,-0.3692744729379986,-0.3047887380849036,0.970436794858652,-0.21707238158772663,-0.12340351046845915,-0.34251778896020846,-0.10050378152592128,-0.1758631145281651,-0.26366402215232204,2.0989057638220494,-0.26366402215232204,-0.4282895663715392,-0.12340351046845914,-0.1601281538050872
57,1983,3.324518245182452,-0.3515615246553259,-0.3047887380849036,-0.14285714285714302,-0.142857142857143,-0.6004533434723087,-0.3692744729379986,-0.3047887380849036,0.970436794858652,-0.21707238158772663,-0.12340351046845915,-0.34251778896020846,-0.10050378152592128,-0.1758631145281651,-0.26366402215232204,-0.47643873166512785,-0.26366402215232204,-0.4282895663715392,-0.12340351046845914,-0.1601281538050872
58,1958,3.978396397956533,-0.3515615246553259,-0.3047887380849036,-0.14285714285714302,-0.142857142857143,-0.6004533434723087,-0.3692744729379986,-0.3047887380849036,0.970436794858652,-0.21707238158772663,-0.12340351046845915,-0.34251778896020846,-0.10050378152592128,-0.1758631145281651,-0.26366402215232204,-0.47643873166512785,-0.26366402215232204,-0.4282895663715392,-0.12340351046845914,-0.1601281538050872
59,1987,3.56020942408377,-0.3515615246553259,-0.3047887380849036,-0.14285714285714302,-0.142857142857143,1.6654083300081013,-0.3692744729379986,-0.3047887380849036,-1.0304638130973316,-0.21707238158772663,-0.12340351046845915,2.919556391613206,-0.10050378152592128,-0.1758631145281651,-0.26366402215232204,-0.47643873166512785,-0.26366402215232204,-0.4282895663715392,-0.12340351046845914,-0.1601281538050872
60,1998,3.114446380484714,-0.3515615246553259,-0.3047887380849036,-0.14285714285714302,-0.142857142857143,-0.6004533434723087,-0.3692744729379986,3.280961121737491,-1.0304638130973316,-0.21707238158772663,-0.12340351046845915,-0.34251778896020846,-0.10050378152592128,-0.1758631145281651,-0.26366402215232204,-0.47643873166512785,-0.26366402215232204,-0.4282895663715392,-0.12340351046845914,-0.1601281538050872
61,2008,3.3231039017974573,2.8444523358476372,-0.3047887380849036,-0.14285714285714302,-0.142857142857143,-0.6004533434723087,2.708012801545323,-0.3047887380849036,-1.0304638130973316,-0.21707238158772663,-0.12340351046845915,-0.34251778896020846,-0.10050378152592128,-0.1758631145281651,-0.26366402215232204,-0.47643873166512785,-0.26366402215232204,2.3348689263480686,-0.12340351046845914,-0.1601281538050872
62,1983,3.7318249832309993,-0.3515615246553259,-0.3047887380849036,-0.14285714285714302,-0.142857142857143,-0.6004533434723087,-0.3692744729379986,-0.3047887380849036,0.970436794858652,-0.21707238158772663,-0.12340351046845915,-0.34251778896020846,-0.10050378152592128,-0.1758631145281651,-0.26366402215232204,-0.47643873166512785,-0.26366402215232204,-0.4282895663715392,-0.12340351046845914,-0.1601281538050872
63,1966,3.06662382176521,-0.3515615246553259,-0.3047887380849036,-0.14285714285714302,-0.142857142857143,-0.6004533434723087,2.708012801545323,-0.3047887380849036,0.970436794858652,-0.21707238158772663,-0.12340351046845915,-0.34251778896020846,-0.10050378152592128,-0.1758631145281651,3.792705549421863,-0.47643873166512785,-0.26366402215232204,-0.4282895663715392,-0.12340351046845914,-0.1601281538050872
64,2011,2.829817833173538,-0.3515615246553259,-0.3047887380849036,-0.14285714285714302,-0.142857142857143,1.6654083300081013,-0.3692744729379986,-0.3047887380849036,0.970436794858652,-0.21707238158772663,-0.12340351046845915,-0.34251778896020846,-0.10050378152592128,-0.1758631145281651,-0.26366402215232204,-0.47643873166512785,-0.26366402215232204,-0.4282895663715392,-0.12340351046845914,-0.1601281538050872
65,2012,2.3942228618421053,-0.3515615246553259,-0.3047887380849036,-0.14285714285714302,-0.142857142857143,-0.6004533434723087,-0.3692744729379986,-0.3047887380849036,0.970436794858652,-0.21707238158772663,-0.12340351046845915,-0.34251778896020846,-0.10050378152592128,-0.1758631145281651,-0.26366402215232204,2.0989057638220494,-0.26366402215232204,-0.4282895663715392,-0.12340351046845914,-0.1601281538050872
66,1976,2.144242935470266,-0.3515615246553259,-0.3047887380849036,-0.14285714285714302,-0.142857142857143,-0.6004533434723087,-0.3692744729379986,-0.3047887380849036,0.970436794858652,-0.21707238158772663,-0.12340351046845915,-0.34251778896020846,-0.10050378152592128,-0.1758631145281651,-0.26366402215232204,-0.47643873166512785,-0.26366402215232204,2.3348689263480686,-0.12340351046845914,-0.1601281538050872
67,2004,3.35,2.8444523358476372,-0.3047887380849036,-0.14285714285714302,-0.142857142857143,-0.6004533434723087,-0.3692744729379986,-0.3047887380849036,0.970436794858652,-0.21707238158772663,-0.12340351046845915,-0.34251778896020846,-0.10050378152592128,-0.1758631145281651,-0.26366402215232204,-0.47643873166512785,-0.26366402215232204,2.3348689263480686,-0.12340351046845914,-0.1601281538050872
68,1985,3.4369951534733443,-0.3515615246553259,-0.3047887380849036,-0.14285714285714302,-0.142857142857143,-0.6004533434723087,-0.3692744729379986,-0.3047887380849036,0.970436794858652,-0.21707238158772663,-0.12340351046845915,-0.34251778896020846,-0.10050378152592128,-0.1758631145281651,-0.26366402215232204,-0.47643873166512785,-0.26366402215232204,-0.4282895663715392,-0.12340351046845914,-0.1601281538050872
69,2007,3.560634328358209,-0.3515615246553259,-0.3047887380849036,-0.14285714285714302,-0.142857142857143,-0.6004533434723087,2.708012801545323,-0.3047887380849036,0.970436794858652,-0.21707238158772663,-0.12340351046845915,-0.34251778896020846,-0.10050378152592128,-0.1758631145281651,-0.26366402215232204,-0.47643873166512785,-0.26366402215232204,2.3348689263480686,-0.12340351046845914,-0.1601281538050872
70,1988,3.2774543738200124,-0.3515615246553259,-0.3047887380849036,-0.14285714285714302,-0.142857142857143,-0.6004533434723087,-0.3692744729379986,-0.3047887380849036,-1.0304638130973316,-0.21707238158772663,-0.12340351046845915,-0.34251778896020846,-0.10050378152592128,-0.1758631145281651,3.792705549421863,2.0989057638220494,-0.26366402215232204,2.3348689263480686,-0.12340351046845914,-0.1601281538050872
71,1959,2.3552123552123554,-0.3515615246553259,-0.3047887380849036,-0.14285714285714302,-0.142857142857143,-0.6004533434723087,-0.3692744729379986,-0.3047887380849036,0.970436794858652,-0.21707238158772663,-0.12340351046845915,-0.34251778896020846,-0.10050378152592128,-0.1758631145281651,-0.26366402215232204,-0.47643873166512785,-0.26366402215232204,-0.4282895663715392,-0.12340351046845914,-0.1601281538050872
72,2013,3.502439024390244,-0.3515615246553259,-0.3047887380849036,-0.14285714285714302,-0.142857142857143,-0.6004533434723087,2.708012801545323,-0.3047887380849036,0.970436794858652,-0.21707238158772663,-0.12340351046845915,-0.34251778896020846,-0.10050378152592128,-0.1758631145281651,-0.26366402215232204,2.0989057638220494,-0.26366402215232204,2.3348689263480686,-0.12340351046845914,-0.1601281538050872
73,2012,3.8067681895093064,-0.3515615246553259,-0.3047887380849036,-0.14285714285714302,-0.142857142857143,1.6654083300081013,-0.3692744729379986,-0.3047887380849036,-1.0304638130973316,-0.21707238158772663,-0.12340351046845915,-0.34251778896020846,-0.10050378152592128,-0.1758631145281651,-0.26366402215232204,2.0989057638220494,-0.26366402215232204,-0.4282895663715392,-0.12340351046845914,-0.1601281538050872
74,1950,3.3022196926579395,-0.3515615246553259,-0.3047887380849036,-0.14285714285714302,-0.142857142857143,-0.6004533434723087,-0.3692744729379986,-0.3047887380849036,-1.0304638130973316,-0.21707238158772663,-0.12340351046845915,-0.34251778896020846,-0.10050378152592128,-0.1758631145281651,-0.26366402215232204,-0.47643873166512785,-0.26366402215232204,-0.4282895663715392,-0.12340351046845914,6.2449979983984
75,1980,2.4623655913978495,-0.3515615246553259,-0.3047887380849036,-0.14285714285714302,-0.142857142857143,-0.6004533434723087,-0.3692744729379986,-0.3047887380849036,0.970436794858652,-0.21707238158772663,-0.12340351046845915,-0.34251778896020846,-0.10050378152592128,-0.1758631145281651,-0.26366402215232204,-0.47643873166512785,-0.26366402215232204,-0.4282895663715392,-0.12340351046845914,-0.1601281538050872
76,1955,3.0090236686390535,-0.3515615246553259,-0.3047887380849036,-0.14285714285714302,-0.142857142857143,-0.6004533434723087,-0.3692744729379986,-0.3047887380849036,0.970436794858652,-0.21707238158772663,-0.12340351046845915,-0.34251778896020846,-0.10050378152592128,-0.1758631145281651,-0.26366402215232204,2.0989057638220494,-0.26366402215232204,-0.4282895663715392,-0.12340351046845914,-0.1601281538050872
77,1919,3.429864253393665,-0.3515615246553259,-0.3047887380849036,-0.14285714285714302,-0.142857142857143,-0.6004533434723087,-0.3692744729379986,-0.3047887380849036,0.970436794858652,-0.21707238158772663,-0.12340351046845915,-0.34251778896020846,-0.10050378152592128,-0.1758631145281651,-0.26366402215232204,2.0989057638220494,-0.26366402215232204,-0.4282895663715392,-0.12340351046845914,-0.1601281538050872
78,1969,3.180668841761827,-0.3515615246553259,-0.3047887380849036,-0.14285714285714302,-0.142857142857143,1.6654083300081013,-0.3692744729379986,-0.3047887380849036,-1.0304638130973316,-0.21707238158772663,-0.12340351046845915,-0.34251778896020846,-0.10050378152592128,-0.1758631145281651,-0.26366402215232204,-0.47643873166512785,-0.26366402215232204,-0.4282895663715392,-0.12340351046845914,-0.1601281538050872
79,1998,3.1285456187895213,2.8444523358476372,-0.3047887380849036,-0.14285714285714302,-0.142857142857143,-0.6004533434723087,-0.3692744729379986,-0.3047887380849036,-1.0304638130973316,-0.21707238158772663,-0.12340351046845915,-0.34251778896020846,-0.10050378152592128,-0.1758631145281651,-0.26366402215232204,-0.47643873166512785,3.792705549421863,-0.4282895663715392,-0.12340351046845914,-0.1601281538050872
80,1995,3.7243478260869565,-0.3515615246553259,-0.3047887380849036,-0.14285714285714302,-0.142857142857143,-0.6004533434723087,-0.3692744729379986,-0.3047887380849036,0.970436794858652,-0.21707238158772663,-0.12340351046845915,-0.34251778896020846,-0.10050378152592128,-0.1758631145281651,-0.26366402215232204,-0.47643873166512785,-0.26366402215232204,-0.4282895663715392,-0.12340351046845914,-0.1601281538050872
81,2005,3.267373013399813,-0.3515615246553259,-0.3047887380849036,-0.14285714285714302,-0.142857142857143,-0.6004533434723087,-0.3692744729379986,-0.3047887380849036,0.970436794858652,-0.21707238158772663,-0.12340351046845915,-0.34251778896020846,-0.10050378152592128,-0.1758631145281651,-0.26366402215232204,-0.47643873166512785,-0.26366402215232204,-0.4282895663715392,-0.12340351046845914,-0.1601281538050872
82,1984,4.004925137903862,-0.3515615246553259,-0.3047887380849036,-0.14285714285714302,-0.142857142857143,-0.6004533434723087,-0.3692744729379986,-0.3047887380849036,-1.0304638130973316,-0.21707238158772663,-0.12340351046845915,2.919556391613206,-0.10050378152592128,-0.1758631145281651,-0.26366402215232204,-0.47643873166512785,-0.26366402215232204,2.3348689263480686,-0.12340351046845914,-0.1601281538050872
83,1936,3.653198653198653,-0.3515615246553259,-0.3047887380849036,-0.14285714285714302,-0.142857142857143,-0.6004533434723087,-0.3692744729379986,-0.3047887380849036,0.970436794858652,-0.21707238158772663,-0.12340351046845915,-0.34251778896020846,-0.10050378152592128,5.686240703077339,-0.26366402215232204,-0.47643873166512785,-0.26366402215232204,-0.4282895663715392,-0.12340351046845914,-0.1601281538050872
84,1983,3.4177215189873418,-0.3515615246553259,3.280961121737491,-0.14285714285714302,-0.142857142857143,1.6654083300081013,-0.3692744729379986,-0.3047887380849036,-1.0304638130973316,-0.21707238158772663,-0.12340351046845915,-0.34251778896020846,-0.10050378152592128,-0.1758631145281651,-0.26366402215232204,-0.47643873166512785,-0.26366402215232204,-0.4282895663715392,-0.12340351046845914,-0.1601281538050872
85,2013,3.531134856300663,2.8444523358476372,3.280961121737491,-0.14285714285714302,-0.142857142857143,-0.6004533434723087,-0.3692744729379986,-0.3047887380849036,-1.0304638130973316,-0.21707238158772663,-0.12340351046845915,-0.34251778896020846,9.949874371066207,-0.1758631145281651,-0.26366402215232204,-0.47643873166512785,3.792705549421863,-0.4282895663715392,-0.12340351046845914,-0.1601281538050872
86,1987,3.483402971216342,-0.3515615246553259,-0.3047887380849036,-0.14285714285714302,-0.142857142857143,1.6654083300081013,-0.3692744729379986,-0.3047887380849036,-1.0304638130973316,-0.21707238158772663,-0.12340351046845915,-0.34251778896020846,-0.10050378152592128,-0.1758631145281651,-0.26366402215232204,-0.47643873166512785,-0.26366402215232204,-0.4282895663715392,-0.12340351046845914,-0.1601281538050872
87,1998,2.3596311475409837,2.8444523358476372,3.280961121737491,-0.14285714285714302,-0.142857142857143,-0.6004533434723087,-0.3692744729379986,-0.3047887380849036,0.970436794858652,-0.21707238158772663,-0.12340351046845915,-0.34251778896020846,-0.10050378152592128,-0.1758631145281651,-0.26366402215232204,-0.47643873166512785,-0.26366402215232204,-0.4282895663715392,-0.12340351046845914,-0.1601281538050872
88,2010,3.1076274671052633,-0.3515615246553259,-0.3047887380849036,-0.14285714285714302,-0.142857142857143,-0.6004533434723087,-0.3692744729379986,-0.3047887380849036,-1.0304638130973316,-0.21707238158772663,-0.12340351046845915,2.919556391613206,-0.10050378152592128,-0.1758631145281651,-0.26366402215232204,-0.47643873166512785,-0.26366402215232204,-0.4282895663715392,-0.12340351046845914,-0.1601281538050872
89,1985,3.139821373575608,2.8444523358476372,-0.3047887380849036,-0.14285714285714302,-0.142857142857143,-0.6004533434723087,-0.3692744729379986,-0.3047887380849036,0.970436794858652,-0.21707238158772663,-0.12340351046845915,-0.34251778896020846,-0.10050378152592128,-0.1758631145281651,-0.26366402215232204,2.0989057638220494,-0.26366402215232204,-0.4282895663715392,-0.12340351046845914,-0.1601281538050872
90,2009,3.357476635514019,-0.3515615246553259,-0.3047887380849036,-0.14285714285714302,-0.142857142857143,1.6654083300081013,-0.3692744729379986,-0.3047887380849036,0.970436794858652,-0.21707238158772663,-0.12340351046845915,-0.34251778896020846,-0.10050378152592128,-0.1758631145281651,-0.26366402215232204,2.0989057638220494,-0.26366402215232204,-0.4282895663715392,-0.12340351046845914,-0.1601281538050872
91,1992,0.5,-0.3515615246553259,-0.3047887380849036,-0.14285714285714302,-0.142857142857143,-0.6004533434723087,2.708012801545323,-0.3047887380849036,-1.0304638130973316,-0.21707238158772663,-0.12340351046845915,-0.34251778896020846,-0.10050378152592128,-0.1758631145281651,3.792705549421863,-0.47643873166512785,-0.26366402215232204,2.3348689263480686,-0.12340351046845914,-0.1601281538050872
92,1934,2.8541033434650456,-0.3515615246553259,-0.3047887380849036,-0.14285714285714302,-0.142857142857143,-0.6004533434723087,2.708012801545323,-0.3047887380849036,-1.0304638130973316,-0.21707238158772663,-0.12340351046845915,-0.34251778896020846,-0.10050378152592128,-0.1758631145281651,3.792705549421863,-0.47643873166512785,-0.26366402215232204,2.3348689263480686,-0.12340351046845914,-0.1601281538050872
93,1999,2.528738555442523,-0.3515615246553259,-0.3047887380849036,-0.14285714285714302,-0.142857142857143,-0.6004533434723087,-0.3692744729379986,-0.3047887380849036,0.970436794858652,-0.21707238158772663,-0.12340351046845915,-0.34251778896020846,-0.10050378152592128,-0.1758631145281651,-0.26366402215232204,-0.47643873166512785,-0.26366402215232204,-0.4282895663715392,-0.12340351046845914,-0.1601281538050872
94,1967,3.526923076923077,-0.3515615246553259,-0.3047887380849036,-0.14285714285714302,-0.142857142857143,-0.6004533434723087,-0.3692744729379986,-0.3047887380849036,0.970436794858652,-0.21707238158772663,-0.12340351046845915,-0.34251778896020846,-0.10050378152592128,-0.1758631145281651,-0.26366402215232204,-0.47643873166512785,-0.26366402215232204,-0.4282895663715392,-0.12340351046845914,-0.1601281538050872
95,1941,3.0946435034382915,-0.3515615246553259,-0.3047887380849036,-0.14285714285714302,-0.142857142857143,-0.6004533434723087,-0.3692744729379986,-0.3047887380849036,0.970436794858652,-0.21707238158772663,-0.12340351046845915,-0.34251778896020846,-0.10050378152592128,-0.1758631145281651,-0.26366402215232204,2.0989057638220494,-0.26366402215232204,-0.4282895663715392,-0.12340351046845914,-0.1601281538050872
96,2010,3.6873706004140785,-0.3515615246553259,-0.3047887380849036,-0.14285714285714302,-0.142857142857143,1.6654083300081013,-0.3692744729379986,-0.3047887380849036,-1.0304638130973316,-0.21707238158772663,-0.12340351046845915,-0.34251778896020846,-0.10050378152592128,-0.1758631145281651,-0.26366402215232204,-0.47643873166512785,-0.26366402215232204,-0.4282895663715392,-0.12340351046845914,-0.1601281538050872
97,1988,3.9964340295466125,2.8444523358476372,-0.3047887380849036,-0.14285714285714302,-0.142857142857143,-0.6004533434723087,2.708012801545323,-0.3047887380849036,0.970436794858652,-0.21707238158772663,-0.12340351046845915,-0.34251778896020846,-0.10050378152592128,-0.1758631145281651,-0.26366402215232204,-0.47643873166512785,-0.26366402215232204,-0.4282895663715392,-0.12340351046845914,-0.1601281538050872
98,1938,2.4876543209876543,-0.3515615246553259,-0.3047887380849036,-0.14285714285714302,-0.142857142857143,1.6654083300081013,-0.3692744729379986,-0.3047887380849036,-1.0304638130973316,-0.21707238158772663,-0.12340351046845915,-0.34251778896020846,-0.10050378152592128,5.686240703077339,-0.26366402215232204,2.0989057638220494,-0.26366402215232204,-0.4282895663715392,-0.12340351046845914,-0.1601281538050872
99,1999,3.105371900826446,-0.3515615246553259,-0.3047887380849036,-0.14285714285714302,7.000000000000006,-0.6004533434723087,-0.3692744729379986,-0.3047887380849036,-1.0304638130973316,-0.21707238158772663,-0.12340351046845915,-0.34251778896020846,-0.10050378152592128,-0.1758631145281651,-0.26366402215232204,2.0989057638220494,-0.26366402215232204,-0.4282895663715392,-0.12340351046845914,-0.1601281538050872
100,1945,3.22138517618469,2.8444523358476372,3.280961121737491,-0.14285714285714302,-0.142857142857143,-0.6004533434723087,-0.3692744729379986,-0.3047887380849036,-1.0304638130973316,-0.21707238158772663,-0.12340351046845915,-0.34251778896020846,-0.10050378152592128,-0.1758631145281651,-0.26366402215232204,-0.47643873166512785,-0.26366402215232204,-0.4282895663715392,-0.12340351046845914,-0.1601281538050872
101,1989,3.786295951605398,-0.3515615246553259,-0.3047887380849036,-0.14285714285714302,-0.142857142857143,-0.6004533434723087,-0.3692744729379986,-0.3047887380849036,-1.0304638130973316,-0.21707238158772663,-0.12340351046845915,-0.34251778896020846,-0.10050378152592128,-0.1758631145281651,-0.26366402215232204,-0.47643873166512785,-0.26366402215232204,2.3348689263480686,-0.12340351046845914,-0.1601281538050872
102,2011,2.4294678714859437,-0.3515615246553259,-0.3047887380849036,-0.14285714285714302,-0.142857142857143,-0.6004533434723087,-0.3692744729379986,3.280961121737491,-1.0304638130973316,-0.21707238158772663,-0.12340351046845915,-0.34251778896020846,-0.10050378152592128,-0.1758631145281651,-0.26366402215232204,-0.47643873166512785,-0.26366402215232204,-0.4282895663715392,-0.12340351046845914,-0.1601281538050872
103,2011,3.2691968225948806,-0.3515615246553259,-0.3047887380849036,-0.14285714285714302,-0.142857142857143,-0.6004533434723087,2.708012801545323,-0.3047887380849036,0.970436794858652,-0.21707238158772663,-0.12340351046845915,-0.34251778896020846,-0.10050378152592128,-0.1758631145281651,-0.26366402215232204,-0.47643873166512785,-0.26366402215232204,-0.4282895663715392,-0.12340351046845914,-0.1601281538050872
104,2003,3.4170806586659226,-0.3515615246553259,-0.3047887380849036,-0.14285714285714302,-0.142857142857143,-0.6004533434723087,-0.3692744729379986,-0.3047887380849036,-1.0304638130973316,-0.21707238158772663,-0.12340351046845915,2.919556391613206,-0.10050378152592128,-0.1758631145281651,-0.26366402215232204,-0.47643873166512785,-0.26366402215232204,2.3348689263480686,-0.12340351046845914,-0.1601281538050872
105,2009,3.326299376299376,-0.3515615246553259,-0.3047887380849036,-0.14285714285714302,-0.142857142857143,1.6654083300081013,-0.3692744729379986,-0.3047887380849036,0.970436794858652,-0.21707238158772663,-0.12340351046845915,-0.34251778896020846,-0.10050378152592128,-0.1758631145281651,-0.26366402215232204,-0.47643873166512785,-0.26366402215232204,-0.4282895663715392,-0.12340351046845914,-0.1601281538050872
106,1935,3.4440298507462686,-0.3515615246553259,-0.3047887380849036,-0.14285714285714302,-0.142857142857143,-0.6004533434723087,-0.3692744729379986,-0.3047887380849036,0.970436794858652,-0.21707238158772663,-0.12340351046845915,-0.34251778896020846,-0.10050378152592128,-0.1758631145281651,-0.26366402215232204,-0.47643873166512785,-0.26366402215232204,-0.4282895663715392,-0.12340351046845914,6.2449979983984
107,1999,3.2153387703889584,-0.3515615246553259,-0.3047887380849036,-0.14285714285714302,-0.142857142857143,1.6654083300081013,-0.3692744729379986,-0.3047887380849036,-1.0304638130973316,-0.21707238158772663,-0.12340351046845915,-0.34251778896020846,-0.10050378152592128,-0.1758631145281651,-0.26366402215232204,-0.47643873166512785,-0.26366402215232204,-0.4282895663715392,-0.12340351046845914,-0.1601281538050872
108,2007,3.092,-0.3515615246553259,-0.3047887380849036,-0.14285714285714302,-0.142857142857143,-0.6004533434723087,-0.3692744729379986,-0.3047887380849036,0.970436794858652,-0.21707238158772663,-0.12340351046845915,-0.34251778896020846,-0.10050378152592128,-0.1758631145281651,-0.26366402215232204,2.0989057638220494,-0.26366402215232204,-0.4282895663715392,-0.12340351046845914,-0.1601281538050872
109,2014,2.0625,-0.3515615246553259,-0.3047887380849036,-0.14285714285714302,-0.142857142857143,-0.6004533434723087,-0.3692744729379986,-0.3047887380849036,0.970436794858652,-0.21707238158772663,-0.12340351046845915,-0.34251778896020846,-0.10050378152592128,-0.1758631145281651,-0.26366402215232204,-0.47643873166512785,-0.26366402215232204,-0.4282895663715392,-0.12340351046845914,-0.1601281538050872
110,2006,4.042533802004873,-0.3515615246553259,-0.3047887380849036,-0.14285714285714302,-0.142857142857143,-0.6004533434723087,-0.3692744729379986,-0.3047887380849036,0.970436794858652,-0.21707238158772663,-0.12340351046845915,-0.34251778896020846,-0.10050378152592128,-0.1758631145281651,-0.26366402215232204,-0.47643873166512785,-0.26366402215232204,-0.4282895663715392,-0.12340351046845914,-0.1601281538050872
111,2011,4.110575548384461,-0.3515615246553259,-0.3047887380849036,-0.14285714285714302,-0.142857142857143,-0.6004533434723087,-0.3692744729379986,-0.3047887380849036,0.970436794858652,-0.21707238158772663,-0.12340351046845915,-0.34251778896020846,-0.10050378152592128,-0.1758631145281651,-0.26366402215232204,-0.47643873166512785,-0.26366402215232204,2.3348689263480686,-0.12340351046845914,-0.1601281538050872
112,2015,3.412573591253154,-0.3515615246553259,-0.3047887380849036,-0.14285714285714302,-0.142857142857143,1.6654083300081013,-0.3692744729379986,-0.3047887380849036,0.970436794858652,-0.21707238158772663,-0.12340351046845915,-0.34251778896020846,-0.10050378152592128,-0.1758631145281651,3.792705549421863,2.0989057638220494,-0.26366402215232204,-0.4282895663715392,-0.12340351046845914,-0.1601281538050872
113,2009,3.1092745638200183,-0.3515615246553259,-0.3047887380849036,-0.14285714285714302,-0.142857142857143,1.6654083300081013,-0.3692744729379986,-0.3047887380849036,-1.0304638130973316,-0.21707238158772663,-0.12340351046845915,-0.34251778896020846,-0.10050378152592128,-0.1758631145281651,-0.26366402215232204,-0.47643873166512785,-0.26366402215232204,-0.4282895663715392,-0.12340351046845914,-0.1601281538050872
114,1983,3.619433198380567,2.8444523358476372,3.280961121737491,-0.14285714285714302,-0.142857142857143,-0.6004533434723087,-0.3692744729379986,-0.3047887380849036,-1.0304638130973316,-0.21707238158772663,-0.12340351046845915,-0.34251778896020846,-0.10050378152592128,-0.1758631145281651,-0.26366402215232204,-0.47643873166512785,3.792705549421863,-0.4282895663715392,-0.12340351046845914,-0.1601281538050872
115,1948,3.4078947368421053,-0.3515615246553259,-0.3047887380849036,-0.14285714285714302,-0.142857142857143,-0.6004533434723087,-0.3692744729379986,-0.3047887380849036,0.970436794858652,-0.21707238158772663,8.103497187428818,-0.34251778896020846,-0.10050378152592128,-0.1758631145281651,-0.26366402215232204,-0.47643873166512785,-0.26366402215232204,2.3348689263480686,-0.12340351046845914,-0.1601281538050872
116,2013,3.9373024236037937,-0.3515615246553259,-0.3047887380849036,-0.14285714285714302,-0.142857142857143,-0.6004533434723087,-0.3692744729379986,-0.3047887380849036,0.970436794858652,-0.21707238158772663,-0.12340351046845915,-0.34251778896020846,-0.10050378152592128,-0.1758631145281651,-0.26366402215232204,-0.47643873166512785,-0.26366402215232204,-0.4282895663715392,-0.12340351046845914,-0.1601281538050872
117,2004,3.589398734177215,-0.3515615246553259,-0.3047887380849036,-0.14285714285714302,-0.142857142857143,-0.6004533434723087,-0.3692744729379986,-0.3047887380849036,-1.0304638130973316,-0.21707238158772663,-0.12340351046845915,-0.34251778896020846,-0.10050378152592128,-0.1758631145281651,-0.26366402215232204,-0.47643873166512785,-0.26366402215232204,-0.4282895663715392,-0.12340351046845914,-0.1601281538050872
118,1949,3.0110035211267605,-0.3515615246553259,-0.3047887380849036,-0.14285714285714302,-0.142857142857143,-0.6004533434723087,-0.3692744729379986,-0.3047887380849036,0.970436794858652,-0.21707238158772663,-0.12340351046845915,-0.34251778896020846,-0.10050378152592128,-0.1758631145281651,-0.26366402215232204,-0.47643873166512785,-0.26366402215232204,-0.4282895663715392,8.103497187428816,-0.1601281538050872
119,1946,2.772727272727273,-0.3515615246553259,-0.3047887380849036,-0.14285714285714302,-0.142857142857143,1.6654083300081013,-0.3692744729379986,-0.3047887380849036,-1.0304638130973316,-0.21707238158772663,-0.12340351046845915,-0.34251778896020846,-0.10050378152592128,5.686240703077339,-0.26366402215232204,-0.47643873166512785,-0.26366402215232204,-0.4282895663715392,-0.12340351046845914,-0.1601281538050872
120,1991,2.880952380952381,-0.3515615246553259,-0.3047887380849036,-0.14285714285714302,-0.142857142857143,-0.6004533434723087,-0.3692744729379986,-0.3047887380849036,0.970436794858652,-0.21707238158772663,-0.12340351046845915,-0.34251778896020846,-0.10050378152592128,-0.1758631145281651,-0.26366402215232204,-0.47643873166512785,-0.26366402215232204,-0.4282895663715392,-0.12340351046845914,-0.1601281538050872
121,1940,3.7532855436081243,-0.3515615246553259,3.280961121737491,-0.14285714285714302,-0.142857142857143,-0.6004533434723087,-0.3692744729379986,-0.3047887380849036,-1.0304638130973316,-0.21707238158772663,-0.12340351046845915,2.919556391613206,-0.10050378152592128,-0.1758631145281651,-0.26366402215232204,-0.47643873166512785,3.792705549421863,-0.4282895663715392,-0.12340351046845914,-0.1601281538050872
122,2001,2.8676697530864197,-0.3515615246553259,-0.3047887380849036,-0.14285714285714302,-0.142857142857143,-0.6004533434723087,-0.3692744729379986,-0.3047887380849036,0.970436794858652,-0.21707238158772663,-0.12340351046845915,-0.34251778896020846,-0.10050378152592128,-0.1758631145281651,-0.26366402215232204,-0.47643873166512785,-0.26366402215232204,-0.4282895663715392,-0.12340351046845914,-0.1601281538050872
123,1975,3.9692507579038545,-0.3515615246553259,-0.3047887380849036,-0.14285714285714302,-0.142857142857143,-0.6004533434723087,2.708012801545323,-0.3047887380849036,-1.0304638130973316,-0.21707238158772663,-0.12340351046845915,-0.34251778896020846,-0.10050378152592128,-0.1758631145281651,-0.26366402215232204,-0.47643873166512785,-0.26366402215232204,-0.4282895663715392,-0.12340351046845914,-0.1601281538050872
124,2006,3.498432601880878,-0.3515615246553259,-0.3047887380849036,-0.14285714285714302,-0.142857142857143,1.6654083300081013,-0.3692744729379986,-0.3047887380849036,-1.0304638130973316,-0.21707238158772663,-0.12340351046845915,-0.34251778896020846,-0.10050378152592128,-0.1758631145281651,-0.26366402215232204,2.0989057638220494,-0.26366402215232204,-0.4282895663715392,-0.12340351046845914,-0.1601281538050872
125,2004,3.7556850483229107,-0.3515615246553259,-0.3047887380849036,-0.14285714285714302,-0.142857142857143,-0.6004533434723087,-0.3692744729379986,-0.3047887380849036,0.970436794858652,-0.21707238158772663,-0.12340351046845915,-0.34251778896020846,-0.10050378152592128,-0.1758631145281651,-0.26366402215232204,-0.47643873166512785,-0.26366402215232204,2.3348689263480686,-0.12340351046845914,-0.1601281538050872
126,2014,2.312136627906977,-0.3515615246553259,-0.3047887380849036,-0.14285714285714302,-0.142857142857143,-0.6004533434723087,-0.3692744729379986,3.280961121737491,-1.0304638130973316,-0.21707238158772663,-0.12340351046845915,-0.34251778896020846,-0.10050378152592128,-0.1758631145281651,-0.26366402215232204,-0.47643873166512785,-0.26366402215232204,-0.4282895663715392,-0.12340351046845914,-0.1601281538050872
127,2011,3.2560975609756095,-0.3515615246553259,-0.3047887380849036,-0.14285714285714302,-0.142857142857143,1.6654083300081013,-0.3692744729379986,-0.3047887380849036,0.970436794858652,-0.21707238158772663,-0.12340351046845915,-0.34251778896020846,-0.10050378152592128,-0.1758631145281651,-0.26366402215232204,-0.47643873166512785,-0.26366402215232204,-0.4282895663715392,-0.12340351046845914,-0.1601281538050872
128,2009,3.5,2.8444523358476372,-0.3047887380849036,-0.14285714285714302,-0.142857142857143,-0.6004533434723087,2.708012801545323,-0.3047887380849036,0.970436794858652,4.606758320361754,-0.12340351046845915,-0.34251778896020846,-0.10050378152592128,-0.1758631145281651,-0.26366402215232204,2.0989057638220494,-0.26366402215232204,-0.4282895663715392,-0.12340351046845914,-0.1601281538050872
129,2008,3.163157894736842,-0.3515615246553259,3.280961121737491,7.000000000000007,7.000000000000006,1.6654083300081013,-0.3692744729379986,-0.3047887380849036,-1.0304638130973316,-0.21707238158772663,-0.12340351046845915,-0.34251778896020846,-0.10050378152592128,-0.1758631145281651,-0.26366402215232204,-0.47643873166512785,-0.26366402215232204,-0.4282895663715392,-0.12340351046845914,-0.1601281538050872
130,2012,3.1153846153846154,-0.3515615246553259,-0.3047887380849036,-0.14285714285714302,-0.142857142857143,-0.6004533434723087,-0.3692744729379986,-0.3047887380849036,-1.0304638130973316,-0.21707238158772663,-0.12340351046845915,2.919556391613206,-0.10050378152592128,-0.1758631145281651,-0.26366402215232204,-0.47643873166512785,3.792705549421863,-0.4282895663715392,-0.12340351046845914,-0.1601281538050872
131,2010,3.2912371134020617,-0.3515615246553259,-0.3047887380849036,-0.14285714285714302,-0.142857142857143,1.6654083300081013,-0.3692744729379986,-0.3047887380849036,-1.0304638130973316,-0.21707238158772663,-0.12340351046845915,2.919556391613206,-0.10050378152592128,-0.1758631145281651,-0.26366402215232204,-0.47643873166512785,-0.26366402215232204,-0.4282895663715392,-0.12340351046845914,-0.1601281538050872
132,2004,2.773198304286387,-0.3515615246553259,-0.3047887380849036,7.000000000000007,-0.142857142857143,-0.6004533434723087,-0.3692744729379986,3.280961121737491,0.970436794858652,4.606758320361754,-0.12340351046845915,-0.34251778896020846,-0.10050378152592128,-0.1758631145281651,-0.26366402215232204,-0.47643873166512785,-0.26366402215232204,-0.4282895663715392,-0.12340351046845914,-0.1601281538050872
133,1952,2.6052631578947367,-0.3515615246553259,-0.3047887380849036,-0.14285714285714302,-0.142857142857143,-0.6004533434723087,-0.3692744729379986,-0.3047887380849036,0.970436794858652,-0.21707238158772663,-0.12340351046845915,-0.34251778896020846,-0.10050378152592128,-0.1758631145281651,-0.26366402215232204,-0.47643873166512785,-0.26366402215232204,-0.4282895663715392,-0.12340351046845914,-0.1601281538050872
134,2009,3.6527777777777777,-0.3515615246553259,-0.3047887380849036,-0.14285714285714302,-0.142857142857143,1.6654083300081013,-0.3692744729379986,-0.3047887380849036,-1.0304638130973316,-0.21707238158772663,-0.12340351046845915,-0.34251778896020846,-0.10050378152592128,-0.1758631145281651,-0.26366402215232204,2.0989057638220494,-0.26366402215232204,-0.4282895663715392,-0.12340351046845914,-0.1601281538050872
135,2007,2.9980174464710547,-0.3515615246553259,-0.3047887380849036,-0.14285714285714302,-0.142857142857143,-0.6004533434723087,-0.3692744729379986,-0.3047887380849036,0.970436794858652,-0.21707238158772663,-0.12340351046845915,-0.34251778896020846,-0.10050378152592128,-0.1758631145281651,-0.26366402215232204,-0.47643873166512785,-0.26366402215232204,-0.4282895663715392,-0.12340351046845914,-0.1601281538050872
136,1973,3.549019607843137,-0.3515615246553259,-0.3047887380849036,-0.14285714285714302,-0.142857142857143,-0.6004533434723087,-0.3692744729379986,-0.3047887380849036,-1.0304638130973316,-0.21707238158772663,-0.12340351046845915,-0.34251778896020846,-0.10050378152592128,-0.1758631145281651,3.792705549421863,-0.47643873166512785,-0.26366402215232204,-0.4282895663715392,-0.12340351046845914,-0.1601281538050872
137,2005,3.2853982300884956,-0.3515615246553259,-0.3047887380849036,-0.14285714285714302,-0.142857142857143,1.6654083300081013,-0.3692744729379986,-0.3047887380849036,0.970436794858652,-0.21707238158772663,-0.12340351046845915,-0.34251778896020846,-0.10050378152592128,-0.1758631145281651,-0.26366402215232204,2.0989057638220494,-0.26366402215232204,-0.4282895663715392,-0.12340351046845914,-0.1601281538050872
138,1957,3.2846715328467155,-0.3515615246553259,-0.3047887380849036,-0.14285714285714302,-0.142857142857143,-0.6004533434723087,-0.3692744729379986,-0.3047887380849036,-1.0304638130973316,-0.21707238158772663,-0.12340351046845915,-0.34251778896020846,-0.10050378152592128,-0.1758631145281651,-0.26366402215232204,-0.47643873166512785,-0.26366402215232204,-0.4282895663715392,-0.12340351046845914,-0.1601281538050872
139,2000,3.073170731707317,-0.3515615246553259,3.280961121737491,-0.14285714285714302,-0.142857142857143,-0.6004533434723087,-0.3692744729379986,-0.3047887380849036,-1.0304638130973316,4.606758320361754,-0.12340351046845915,-0.34251778896020846,-0.10050378152592128,-0.1758631145281651,-0.26366402215232204,-0.47643873166512785,-0.26366402215232204,-0.4282895663715392,-0.12340351046845914,-0.1601281538050872
140,1956,3.2938103686181748,-0.3515615246553259,-0.3047887380849036,-0.14285714285714302,-0.142857142857143,-0.6004533434723087,-0.3692744729379986,-0.3047887380849036,-1.0304638130973316,-0.21707238158772663,-0.12340351046845915,2.919556391613206,-0.10050378152592128,-0.1758631145281651,-0.26366402215232204,-0.47643873166512785,3.792705549421863,-0.4282895663715392,-0.12340351046845914,-0.1601281538050872
141,2006,3.5122161671207994,-0.3515615246553259,-0.3047887380849036,-0.14285714285714302,-0.142857142857143,-0.6004533434723087,-0.3692744729379986,3.280961121737491,-1.0304638130973316,-0.21707238158772663,-0.12340351046845915,-0.34251778896020846,-0.10050378152592128,-0.1758631145281651,-0.26366402215232204,-0.47643873166512785,-0.26366402215232204,-0.4282895663715392,-0.12340351046845914,-0.1601281538050872
142,1955,3.0609756097560976,-0.3515615246553259,-0.3047887380849036,-0.14285714285714302,-0.142857142857143,1.6654083300081013,-0.3692744729379986,-0.3047887380849036,-1.0304638130973316,-0.21707238158772663,-0.12340351046845915,-0.34251778896020846,-0.10050378152592128,-0.1758631145281651,-0.26366402215232204,2.0989057638220494,-0.26366402215232204,-0.4282895663715392,-0.12340351046845914,-0.1601281538050872
143,1989,2.142857142857143,-0.3515615246553259,-0.3047887380849036,-0.14285714285714302,7.000000000000006,-0.6004533434723087,-0.3692744729379986,-0.3047887380849036,0.970436794858652,4.606758320361754,-0.12340351046845915,-0.34251778896020846,-0.10050378152592128,-0.1758631145281651,-0.26366402215232204,-0.47643873166512785,-0.26366402215232204,-0.4282895663715392,-0.12340351046845914,-0.1601281538050872
144,2005,3.4771365149833517,2.8444523358476372,-0.3047887380849036,-0.14285714285714302,-0.142857142857143,-0.6004533434723087,-0.3692744729379986,-0.3047887380849036,-1.0304638130973316,-0.21707238158772663,-0.12340351046845915,2.919556391613206,-0.10050378152592128,-0.1758631145281651,-0.26366402215232204,-0.47643873166512785,-0.26366402215232204,2.3348689263480686,-0.12340351046845914,-0.1601281538050872
145,1979,3.2507724425887266,-0.3515615246553259,-0.3047887380849036,-0.14285714285714302,-0.142857142857143,-0.6004533434723087,-0.3692744729379986,-0.3047887380849036,0.970436794858652,-0.21707238158772663,-0.12340351046845915,-0.34251778896020846,-0.10050378152592128,-0.1758631145281651,-0.26366402215232204,-0.47643873166512785,-0.26366402215232204,-0.4282895663715392,-0.12340351046845914,-0.1601281538050872
146,1973,2.9120689655172414,-0.3515615246553259,-0.3047887380849036,-0.14285714285714302,-0.142857142857143,1.6654083300081013,2.708012801545323,-0.3047887380849036,-1.0304638130973316,-0.21707238158772663,-0.12340351046845915,-0.34251778896020846,-0.10050378152592128,-0.1758631145281651,-0.26366402215232204,-0.47643873166512785,-0.26366402215232204,2.3348689263480686,-0.12340351046845914,-0.1601281538050872
147,1976,3.5829286061194754,-0.3515615246553259,-0.3047887380849036,-0.14285714285714302,-0.142857142857143,-0.6004533434723087,-0.3692744729379986,3.280961121737491,-1.0304638130973316,-0.21707238158772663,-0.12340351046845915,-0.34251778896020846,-0.10050378152592128,-0.1758631145281651,-0.26366402215232204,-0.47643873166512785,-0.26366402215232204,-0.4282895663715392,-0.12340351046845914,-0.1601281538050872
148,1982,2.8893557422969187,-0.3515615246553259,-0.3047887380849036,-0.14285714285714302,-0.142857142857143,-0.6004533434723087,-0.3692744729379986,-0.3047887380849036,-1.0304638130973316,-0.21707238158772663,-0.12340351046845915,2.919556391613206,-0.10050378152592128,-0.1758631145281651,-0.26366402215232204,-0.47643873166512785,3.792705549421863,-0.4282895663715392,-0.12340351046845914,-0.1601281538050872
149,2013,3.6943171402383133,-0.3515615246553259,-0.3047887380849036,-0.14285714285714302,-0.142857142857143,1.6654083300081013,-0.3692744729379986,-0.3047887380849036,-1.0304638130973316,-0.21707238158772663,-0.12340351046845915,2.919556391613206,-0.10050378152592128,-0.1758631145281651,-0.26366402215232204,-0.47643873166512785,-0.26366402215232204,2.3348689263480686,-0.12340351046845914,-0.1601281538050872
150,2012,3.86859786089541,-0.3515615246553259,-0.3047887380849036,-0.14285714285714302,-0.142857142857143,-0.6004533434723087,-0.3692744729379986,3.280961121737491,-1.0304638130973316,-0.21707238158772663,-0.12340351046845915,-0.34251778896020846,-0.10050378152592128,-0.1758631145281651,-0.26366402215232204,-0.47643873166512785,-0.26366402215232204,-0.4282895663715392,-0.12340351046845914,-0.1601281538050872
151,2011,3.539037729866836,-0.3515615246553259,-0.3047887380849036,-0.14285714285714302,-0.142857142857143,-0.6004533434723087,-0.3692744729379986,-0.3047887380849036,0.970436794858652,-0.21707238158772663,-0.12340351046845915,-0.34251778896020846,-0.10050378152592128,-0.1758631145281651,-0.26366402215232204,-0.47643873166512785,-0.26366402215232204,-0.4282895663715392,-0.12340351046845914,-0.1601281538050872
152,1993,3.1044546850998462,2.8444523358476372,-0.3047887380849036,-0.14285714285714302,-0.142857142857143,-0.6004533434723087,-0.3692744729379986,-0.3047887380849036,-1.0304638130973316,-0.21707238158772663,-0.12340351046845915,-0.34251778896020846,-0.10050378152592128,-0.1758631145281651,-0.26366402215232204,-0.47643873166512785,-0.26366402215232204,-0.4282895663715392,-0.12340351046845914,-0.1601281538050872
153,1975,2.894727234003712,2.8444523358476372,-0.3047887380849036,-0.14285714285714302,-0.142857142857143,1.6654083300081013,-0.3692744729379986,-0.3047887380849036,-1.0304638130973316,-0.21707238158772663,-0.12340351046845915,-0.34251778896020846,-0.10050378152592128,-0.1758631145281651,-0.26366402215232204,-0.47643873166512785,-0.26366402215232204,-0.4282895663715392,-0.12340351046845914,-0.1601281538050872
154,1951,3.8019933554817276,-0.3515615246553259,-0.3047887380849036,-0.14285714285714302,-0.142857142857143,-0.6004533434723087,2.708012801545323,-0.3047887380849036,0.970436794858652,-0.21707238158772663,-0.12340351046845915,-0.34251778896020846,-0.10050378152592128,-0.1758631145281651,-0.26366402215232204,-0.47643873166512785,-0.26366402215232204,2.3348689263480686,-0.12340351046845914,-0.1601281538050872
155,1958,3.4079153605015673,-0.3515615246553259,-0.3047887380849036,-0.14285714285714302,-0.142857142857143,-0.6004533434723087,-0.3692744729379986,-0.3047887380849036,-1.0304638130973316,-0.21707238158772663,-0.12340351046845915,2.919556391613206,-0.10050378152592128,-0.1758631145281651,3.792705549421863,-0.47643873166512785,3.792705549421863,-0.4282895663715392,-0.12340351046845914,-0.1601281538050872
156,2001,3.5279615153337343,-0.3515615246553259,-0.3047887380849036,-0.14285714285714302,-0.142857142857143,-0.6004533434723087,-0.3692744729379986,-0.3047887380849036,0.970436794858652,-0.21707238158772663,-0.12340351046845915,-0.34251778896020846,-0.10050378152592128,-0.1758631145281651,-0.26366402215232204,-0.47643873166512785,-0.26366402215232204,-0.4282895663715392,-0.12340351046845914,-0.1601281538050872
157,1986,2.7846687211093992,-0.3515615246553259,3.280961121737491,-0.14285714285714302,-0.142857142857143,-0.6004533434723087,-0.3692744729379986,-0.3047887380849036,-1.0304638130973316,4.606758320361754,-0.12340351046845915,-0.34251778896020846,-0.10050378152592128,-0.1758631145281651,-0.26366402215232204,-0.47643873166512785,-0.26366402215232204,-0.4282895663715392,-0.12340351046845914,-0.1601281538050872
158,1991,2.932,-0.3515615246553259,-0.3047887380849036,-0.14285714285714302,-0.142857142857143,-0.6004533434723087,-0.3692744729379986,-0.3047887380849036,-1.0304638130973316,-0.21707238158772663,-0.12340351046845915,2.919556391613206,-0.10050378152592128,-0.1758631145281651,-0.26366402215232204,-0.47643873166512785,3.792705549421863,2.3348689263480686,-0.12340351046845914,-0.1601281538050872
159,2007,3.4169484361792053,-0.3515615246553259,-0.3047887380849036,-0.14285714285714302,-0.142857142857143,-0.6004533434723087,-0.3692744729379986,-0.3047887380849036,0.970436794858652,-0.21707238158772663,-0.12340351046845915,-0.34251778896020846,-0.10050378152592128,-0.1758631145281651,-0.26366402215232204,-0.47643873166512785,-0.26366402215232204,-0.4282895663715392,-0.12340351046845914,-0.1601281538050872
160,2009,2.6047444036084197,2.8444523358476372,-0.3047887380849036,-0.14285714285714302,-0.142857142857143,-0.6004533434723087,-0.3692744729379986,-0.3047887380849036,-1.0304638130973316,-0.21707238158772663,-0.12340351046845915,-0.34251778896020846,-0.10050378152592128,-0.1758631145281651,-0.26366402215232204,2.0989057638220494,-0.26366402215232204,-0.4282895663715392,-0.12340351046845914,-0.1601281538050872
161,1951,3.744201794481124,-0.3515615246553259,-0.3047887380849036,-0.14285714285714302,-0.142857142857143,-0.6004533434723087,-0.3692744729379986,-0.3047887380849036,0.970436794858652,-0.21707238158772663,8.103497187428818,-0.34251778896020846,-0.10050378152592128,-0.1758631145281651,-0.26366402215232204,-0.47643873166512785,-0.26366402215232204,2.3348689263480686,-0.12340351046845914,-0.1601281538050872
162,2009,4.009924937447873,-0.3515615246553259,-0.3047887380849036,-0.14285714285714302,-0.142857142857143,-0.6004533434723087,-0.3692744729379986,3.280961121737491,-1.0304638130973316,-0.21707238158772663,-0.12340351046845915,-0.34251778896020846,-0.10050378152592128,-0.1758631145281651,-0.26366402215232204,-0.47643873166512785,-0.26366402215232204,-0.4282895663715392,-0.12340351046845914,-0.1601281538050872
163,2011,3.445394874659591,-0.3515615246553259,-0.3047887380849036,-0.14285714285714302,-0.142857142857143,-0.6004533434723087,-0.3692744729379986,3.280961121737491,-1.0304638130973316,-0.21707238158772663,-0.12340351046845915,-0.34251778896020846,-0.10050378152592128,-0.1758631145281651,-0.26366402215232204,-0.47643873166512785,-0.26366402215232204,-0.4282895663715392,-0.12340351046845914,-0.1601281538050872
164,1947,3.46358511837655,-0.3515615246553259,-0.3047887380849036,-0.14285714285714302,-0.142857142857143,-0.6004533434723087,-0.3692744729379986,-0.3047887380849036,0.970436794858652,-0.21707238158772663,8.103497187428818,-0.34251778896020846,-0.10050378152592128,-0.1758631145281651,-0.26366402215232204,-0.47643873166512785,-0.26366402215232204,-0.4282895663715392,-0.12340351046845914,-0.1601281538050872
165,2014,3.4890247495580438,-0.3515615246553259,-0.3047887380849036,-0.14285714285714302,-0.142857142857143,-0.6004533434723087,-0.3692744729379986,3.280961121737491,-1.0304638130973316,-0.21707238158772663,-0.12340351046845915,-0.34251778896020846,-0.10050378152592128,-0.1758631145281651,-0.26366402215232204,-0.47643873166512785,-0.26366402215232204,-0.4282895663715392,-0.12340351046845914,-0.1601281538050872
166,1956,2.787692307692308,-0.3515615246553259,3.280961121737491,-0.14285714285714302,-0.142857142857143,-0.6004533434723087,-0.3692744729379986,-0.3047887380849036,-1.0304638130973316,4.606758320361754,-0.12340351046845915,-0.34251778896020846,-0.10050378152592128,-0.1758631145281651,-0.26366402215232204,-0.47643873166512785,-0.26366402215232204,-0.4282895663715392,-0.12340351046845914,-0.1601281538050872
167,1941,3.1645569620253164,-0.3515615246553259,-0.3047887380849036,-0.14285714285714302,-0.142857142857143,1.6654083300081013,2.708012801545323,-0.3047887380849036,-1.0304638130973316,-0.21707238158772663,-0.12340351046845915,-0.34251778896020846,-0.10050378152592128,-0.1758631145281651,3.792705549421863,-0.47643873166512785,-0.26366402215232204,2.3348689263480686,-0.12340351046845914,-0.1601281538050872
168,1972,3.084698775239987,-0.3515615246553259,-0.3047887380849036,-0.14285714285714302,-0.142857142857143,1.6654083300081013,-0.3692744729379986,-0.3047887380849036,0.970436794858652,-0.21707238158772663,-0.12340351046845915,-0.34251778896020846,-0.10050378152592128,-0.1758631145281651,3.792705549421863,-0.47643873166512785,-0.26366402215232204,2.3348689263480686,-0.12340351046845914,-0.1601281538050872
169,2007,2.283650982727814,-0.3515615246553259,-0.3047887380849036,-0.14285714285714302,-0.142857142857143,-0.6004533434723087,-0.3692744729379986,-0.3047887380849036,0.970436794858652,-0.21707238158772663,-0.12340351046845915,-0.34251778896020846,-0.10050378152592128,-0.1758631145281651,-0.26366402215232204,2.0989057638220494,-0.26366402215232204,-0.4282895663715392,-0.12340351046845914,-0.1601281538050872
170,1921,3.1975873015873018,2.8444523358476372,3.280961121737491,-0.14285714285714302,-0.142857142857143,-0.6004533434723087,-0.3692744729379986,-0.3047887380849036,-1.0304638130973316,-0.21707238158772663,-0.12340351046845915,-0.34251778896020846,-0.10050378152592128,-0.1758631145281651,-0.26366402215232204,-0.47643873166512785,-0.26366402215232204,-0.4282895663715392,-0.12340351046845914,-0.1601281538050872
171,2006,3.6030133146461107,-0.3515615246553259,-0.3047887380849036,-0.14285714285714302,-0.142857142857143,-0.6004533434723087,-0.3692744729379986,-0.3047887380849036,0.970436794858652,-0.21707238158772663,-0.12340351046845915,-0.34251778896020846,-0.10050378152592128,-0.1758631145281651,-0.26366402215232204,2.0989057638220494,-0.26366402215232204,-0.4282895663715392,-0.12340351046845914,-0.1601281538050872
172,1997,2.7326066425310875,-0.3515615246553259,-0.3047887380849036,-0.14285714285714302,-0.142857142857143,1.6654083300081013,-0.3692744729379986,-0.3047887380849036,-1.0304638130973316,-0.21707238158772663,-0.12340351046845915,-0.34251778896020846,-0.10050378152592128,-0.1758631145281651,-0.26366402215232204,2.0989057638220494,-0.26366402215232204,-0.4282895663715392,-0.12340351046845914,-0.1601281538050872
173,1992,2.5382845327819648,-0.3515615246553259,-0.3047887380849036,-0.14285714285714302,-0.142857142857143,1.6654083300081013,-0.3692744729379986,-0.3047887380849036,0.970436794858652,-0.21707238158772663,-0.12340351046845915,-0.34251778896020846,-0.10050378152592128,-0.1758631145281651,-0.26366402215232204,-0.47643873166512785,-0.26366402215232204,-0.4282895663715392,-0.12340351046845914,-0.1601281538050872
174,2009,2.455979284369115,-0.3515615246553259,-0.3047887380849036,-0.14285714285714302,-0.142857142857143,-0.6004533434723087,2.708012801545323,-0.3047887380849036,-1.0304638130973316,-0.21707238158772663,-0.12340351046845915,-0.34251778896020846,-0.10050378152592128,-0.1758631145281651,-0.26366402215232204,-0.47643873166512785,-0.26366402215232204,2.3348689263480686,-0.12340351046845914,-0.1601281538050872
175,2001,3.507602582795251,-0.3515615246553259,-0.3047887380849036,-0.14285714285714302,-0.142857142857143,-0.6004533434723087,-0.3692744729379986,-0.3047887380849036,0.970436794858652,-0.21707238158772663,-0.12340351046845915,-0.34251778896020846,-0.10050378152592128,-0.1758631145281651,-0.26366402215232204,-0.47643873166512785,-0.26366402215232204,-0.4282895663715392,-0.12340351046845914,-0.1601281538050872
176,1989,3.854633939906898,-0.3515615246553259,-0.3047887380849036,-0.14285714285714302,-0.142857142857143,1.6654083300081013,-0.3692744729379986,-0.3047887380849036,-1.0304638130973316,-0.21707238158772663,-0.12340351046845915,-0.34251778896020846,-0.10050378152592128,-0.1758631145281651,-0.26366402215232204,-0.47643873166512785,-0.26366402215232204,-0.4282895663715392,-0.12340351046845914,-0.1601281538050872
177,2013,2.8859118409680207,-0.3515615246553259,3.280961121737491,7.000000000000007,-0.142857142857143,-0.6004533434723087,-0.3692744729379986,-0.3047887380849036,0.970436794858652,4.606758320361754,-0.12340351046845915,-0.34251778896020846,-0.10050378152592128,5.686240703077339,-0.26366402215232204,2.0989057638220494,-0.26366402215232204,-0.4282895663715392,-0.12340351046845914,-0.1601281538050872
178,2003,3.388,-0.3515615246553259,-0.3047887380849036,-0.14285714285714302,-0.142857142857143,1.6654083300081013,-0.3692744729379986,-0.3047887380849036,0.970436794858652,-0.21707238158772663,-0.12340351046845915,-0.34251778896020846,-0.10050378152592128,-0.1758631145281651,-0.26366402215232204,-0.47643873166512785,-0.26366402215232204,-0.4282895663715392,-0.12340351046845914,-0.1601281538050872
179,2004,2.7506102522375917,-0.3515615246553259,-0.3047887380849036,-0.14285714285714302,-0.142857142857143,-0.6004533434723087,2.708012801545323,-0.3047887380849036,0.970436794858652,-0.21707238158772663,-0.12340351046845915,-0.34251778896020846,-0.10050378152592128,-0.1758631145281651,-0.26366402215232204,-0.47643873166512785,-0.26366402215232204,-0.4282895663715392,-0.12340351046845914,-0.1601281538050872
180,1944,3.5872619047619048,-0.3515615246553259,-0.3047887380849036,-0.14285714285714302,-0.142857142857143,-0.6004533434723087,-0.3692744729379986,-0.3047887380849036,0.970436794858652,-0.21707238158772663,-0.12340351046845915,-0.34251778896020846,-0.10050378152592128,-0.1758631145281651,-0.26366402215232204,2.0989057638220494,-0.26366402215232204,-0.4282895663715392,-0.12340351046845914,-0.1601281538050872
181,2007,1.9290018832391713,-0.3515615246553259,-0.3047887380849036,-0.14285714285714302,-0.142857142857143,-0.6004533434723087,-0.3692744729379986,-0.3047887380849036,0.970436794858652,-0.21707238158772663,-0.12340351046845915,-0.34251778896020846,-0.10050378152592128,-0.1758631145281651,-0.26366402215232204,-0.47643873166512785,-0.26366402215232204,-0.4282895663715392,-0.12340351046845914,-0.1601281538050872
182,2002,3.091822094691535,-0.3515615246553259,-0.3047887380849036,-0.14285714285714302,-0.142857142857143,-0.6004533434723087,-0.3692744729379986,-0.3047887380849036,0.970436794858652,-0.21707238158772663,-0.12340351046845915,-0.34251778896020846,-0.10050378152592128,-0.1758631145281651,-0.26366402215232204,-0.47643873166512785,-0.26366402215232204,-0.4282895663715392,-0.12340351046845914,-0.1601281538050872
183,1979,3.3648208469055376,-0.3515615246553259,-0.3047887380849036,-0.14285714285714302,-0.142857142857143,-0.6004533434723087,2.708012801545323,-0.3047887380849036,0.970436794858652,-0.21707238158772663,-0.12340351046845915,-0.34251778896020846,-0.10050378152592128,-0.1758631145281651,-0.26366402215232204,-0.47643873166512785,-0.26366402215232204,-0.4282895663715392,-0.12340351046845914,-0.1601281538050872
184,1974,3.1036585365853657,-0.3515615246553259,-0.3047887380849036,-0.14285714285714302,-0.142857142857143,-0.6004533434723087,-0.3692744729379986,-0.3047887380849036,0.970436794858652,-0.21707238158772663,-0.12340351046845915,-0.34251778896020846,-0.10050378152592128,-0.1758631145281651,-0.26366402215232204,-0.47643873166512785,-0.26366402215232204,-0.4282895663715392,-0.12340351046845914,-0.1601281538050872
185,2009,3.1104273295962304,2.8444523358476372,3.280961121737491,-0.14285714285714302,-0.142857142857143,1.6654083300081013,2.708012801545323,-0.3047887380849036,-1.0304638130973316,-0.21707238158772663,-0.12340351046845915,-0.34251778896020846,-0.10050378152592128,-0.1758631145281651,-0.26366402215232204,-0.47643873166512785,-0.26366402215232204,-0.4282895663715392,-0.12340351046845914,-0.1601281538050872
186,1951,2.891730529317412,2.8444523358476372,-0.3047887380849036,-0.14285714285714302,-0.142857142857143,-0.6004533434723087,-0.3692744729379986,-0.3047887380849036,-1.0304638130973316,-0.21707238158772663,-0.12340351046845915,-0.34251778896020846,-0.10050378152592128,-0.1758631145281651,-0.26366402215232204,2.0989057638220494,-0.26366402215232204,-0.4282895663715392,-0.12340351046845914,6.2449979983984
187,2003,3.451219512195122,-0.3515615246553259,-0.3047887380849036,-0.14285714285714302,-0.142857142857143,1.6654083300081013,-0.3692744729379986,-0.3047887380849036,0.970436794858652,-0.21707238158772663,-0.12340351046845915,-0.34251778896020846,-0.10050378152592128,-0.1758631145281651,3.792705549421863,-0.47643873166512785,-0.26366402215232204,-0.4282895663715392,-0.12340351046845914,-0.1601281538050872
188,2008,3.342473979183347,-0.3515615246553259,-0.3047887380849036,-0.14285714285714302,-0.142857142857143,-0.6004533434723087,-0.3692744729379986,-0.3047887380849036,0.970436794858652,-0.21707238158772663,-0.12340351046845915,-0.34251778896020846,-0.10050378152592128,-0.1758631145281651,-0.26366402215232204,-0.47643873166512785,-0.26366402215232204,-0.4282895663715392,-0.12340351046845914,-0.1601281538050872
189,1960,3.0014880952380953,-0.3515615246553259,-0.3047887380849036,-0.14285714285714302,-0.142857142857143,-0.6004533434723087,-0.3692744729379986,-0.3047887380849036,0.970436794858652,-0.21707238158772663,-0.12340351046845915,-0.34251778896020846,-0.10050378152592128,-0.1758631145281651,-0.26366402215232204,-0.47643873166512785,-0.26366402215232204,-0.4282895663715392,8.103497187428816,-0.1601281538050872
190,1976,3.566145833333333,-0.3515615246553259,-0.3047887380849036,-0.14285714285714302,-0.142857142857143,1.6654083300081013,-0.3692744729379986,-0.3047887380849036,0.970436794858652,-0.21707238158772663,-0.12340351046845915,-0.34251778896020846,-0.10050378152592128,-0.1758631145281651,-0.26366402215232204,-0.47643873166512785,-0.26366402215232204,-0.4282895663715392,-0.12340351046845914,-0.1601281538050872
191,2001,2.676081730769231,-0.3515615246553259,-0.3047887380849036,-0.14285714285714302,-0.142857142857143,1.6654083300081013,-0.3692744729379986,-0.3047887380849036,0.970436794858652,-0.21707238158772663,-0.12340351046845915,-0.34251778896020846,-0.10050378152592128,-0.1758631145281651,-0.26366402215232204,-0.47643873166512785,-0.26366402215232204,-0.4282895663715392,-0.12340351046845914,-0.1601281538050872
192,1955,3.0246913580246915,-0.3515615246553259,-0.3047887380849036,-0.14285714285714302,-0.142857142857143,-0.6004533434723087,-0.3692744729379986,-0.3047887380849036,0.970436794858652,-0.21707238158772663,-0.12340351046845915,-0.34251778896020846,-0.10050378152592128,-0.1758631145281651,-0.26366402215232204,2.0989057638220494,-0.26366402215232204,-0.4282895663715392,-0.12340351046845914,-0.1601281538050872
193,1930,2.2340568060021435,-0.3515615246553259,-0.3047887380849036,-0.14285714285714302,-0.142857142857143,-0.6004533434723087,-0.3692744729379986,-0.3047887380849036,0.970436794858652,-0.21707238158772663,-0.12340351046845915,-0.34251778896020846,-0.10050378152592128,-0.1758631145281651,-0.26366402215232204,-0.47643873166512785,-0.26366402215232204,-0.4282895663715392,-0.12340351046845914,-0.1601281538050872
194,2011,3.84967155128853,-0.3515615246553259,-0.3047887380849036,-0.14285714285714302,-0.142857142857143,-0.6004533434723087,-0.3692744729379986,-0.3047887380849036,0.970436794858652,-0.21707238158772663,-0.12340351046845915,-0.34251778896020846,-0.10050378152592128,-0.1758631145281651,-0.26366402215232204,-0.47643873166512785,-0.26366402215232204,-0.4282895663715392,-0.12340351046845914,-0.1601281538050872
195,2007,3.0894509561998764,2.8444523358476372,-0.3047887380849036,-0.14285714285714302,-0.142857142857143,-0.6004533434723087,-0.3692744729379986,-0.3047887380849036,-1.0304638130973316,-0.21707238158772663,-0.12340351046845915,-0.34251778896020846,-0.10050378152592128,-0.1758631145281651,-0.26366402215232204,-0.47643873166512785,-0.26366402215232204,-0.4282895663715392,-0.12340351046845914,-0.1601281538050872
196,2006,2.8502714998532435,-0.3515615246553259,-0.3047887380849036,-0.14285714285714302,-0.142857142857143,-0.6004533434723087,-0.3692744729379986,-0.3047887380849036,0.970436794858652,-0.21707238158772663,-0.12340351046845915,-0.34251778896020846,-0.10050378152592128,-0.1758631145281651,-0.26366402215232204,-0.47643873166512785,-0.26366402215232204,-0.4282895663715392,-0.12340351046845914,-0.1601281538050872
197,2007,3.0681818181818183,-0.3515615246553259,-0.3047887380849036,-0.14285714285714302,-0.142857142857143,1.6654083300081013,-0.3692744729379986,-0.3047887380849036,0.970436794858652,-0.21707238158772663,-0.12340351046845915,-0.34251778896020846,-0.10050378152592128,-0.1758631145281651,-0.26366402215232204,-0.47643873166512785,-0.26366402215232204,-0.4282895663715392,-0.12340351046845914,-0.1601281538050872
198,1959,3.4170950453899156,-0.3515615246553259,-0.3047887380849036,-0.14285714285714302,-0.142857142857143,-0.6004533434723087,-0.3692744729379986,-0.3047887380849036,-1.0304638130973316,-0.21707238158772663,-0.12340351046845915,2.919556391613206,-0.10050378152592128,-0.1758631145281651,-0.26366402215232204,-0.47643873166512785,-0.26366402215232204,-0.4282895663715392,-0.12340351046845914,-0.1601281538050872
199,1987,3.783641160949868,-0.3515615246553259,-0.3047887380849036,-0.14285714285714302,-0.142857142857143,-0.6004533434723087,-0.3692744729379986,-0.3047887380849036,-1.0304638130973316,-0.21707238158772663,-0.12340351046845915,2.919556391613206,-0.10050378152592128,-0.1758631145281651,-0.26366402215232204,-0.47643873166512785,-0.26366402215232204,-0.4282895663715392,-0.12340351046845914,-0.1601281538050872
